{
  "employees": [
    {
      "id": 1,
      "firstName": "John",
      "lastName": "Doe",
      "email": "john@example.com",
      "contact": "123-456-7890",
      "aadharNumber": 123456789012,
      "education": [
        {
          "sscSchool": "High School 1",
          "sscUniversity": "University 1",
          "sscPassingYear": 2010,
          "sscPercentage": 85.5,
          "hscDiplomaCollege": "College 1",
          "hscDiplomaUniversity": "University 2",
          "hscDiplomaPassingYear": 2012,
          "hscDiplomaPercentage": 78,
          "graduationCollege": "College 3",
          "graduationUniversity": "University 3",
          "graduationPassingYear": 2016,
          "graduationPercentage": 87.2
        }
      ],
      "employmentHistory": [
        {
          "companyName": "Company A",
          "location": "Location A",
          "fromDate": "2017-01-01",
          "toDate": "2019-12-31",
          "designation": "Software Engineer"
        },
        {
          "companyName": "Company B",
          "location": "Location B",
          "fromDate": "2020-02-01",
          "toDate": "2022-05-31",
          "designation": "Senior Software Engineer"
        }
      ]
    },
    {
      "id": 2,
      "firstName": "Jane",
      "lastName": "Smith",
      "email": "jane@example.com",
      "contact": "987-654-3210",
      "aadharNumber": 987654321098,
      "education": [
        {
          "sscSchool": "High School 2",
          "sscUniversity": "University 4",
          "sscPassingYear": 2011,
          "sscPercentage": 88,
          "hscDiplomaCollege": "College 2",
          "hscDiplomaUniversity": "University 5",
          "hscDiplomaPassingYear": 2013,
          "hscDiplomaPercentage": 76.5,
          "graduationCollege": "College 4",
          "graduationUniversity": "University 6",
          "graduationPassingYear": 2017,
          "graduationPercentage": 89.5
        }
      ],
      "employmentHistory": [
        {
          "companyName": "Company C",
          "location": "Location C",
          "fromDate": "2018-03-15",
          "toDate": "2020-11-30",
          "designation": "Frontend Developer"
        },
        {
          "companyName": "Company D",
          "location": "Location D",
          "fromDate": "2021-01-10",
          "toDate": "2023-09-15",
          "designation": "Lead Frontend Developer"
        }
      ]
    }
  ]
}